trait,group,type,source,source_column,n_missing,missing_rate
diet_inv,diet,continuous,elton,Diet-Inv,8,0.028169014084507043
diet_vend,diet,continuous,elton,Diet-Vend,8,0.028169014084507043
diet_vect,diet,continuous,elton,Diet-Vect,8,0.028169014084507043
diet_vfish,diet,continuous,elton,Diet-Vfish,8,0.028169014084507043
diet_vunk,diet,continuous,elton,Diet-Vunk,8,0.028169014084507043
diet_scav,diet,continuous,elton,Diet-Scav,8,0.028169014084507043
diet_fruit,diet,continuous,elton,Diet-Fruit,8,0.028169014084507043
diet_nect,diet,continuous,elton,Diet-Nect,8,0.028169014084507043
diet_seed,diet,continuous,elton,Diet-Seed,8,0.028169014084507043
diet_planto,diet,continuous,elton,Diet-PlantO,8,0.028169014084507043
foraging_stratum,foraging stratum,categorical,elton,ForStrat-Value,8,0.028169014084507043
activity_nocturnal,activity time,binary,elton,Activity-Nocturnal,8,0.028169014084507043
activity_crepuscular,activity time,binary,elton,Activity-Crepuscular,8,0.028169014084507043
activity_diurnal,activity time,binary,elton,Activity-Diurnal,8,0.028169014084507043
habitat_breadth,habitat breadth,continuous,combine,habitat_breadth_n,5,0.017605633802816902
terrestrial,terrestrial or aquatic,binary,combine,terrestrial_non-volant,1,0.0035211267605633804
marine,terrestrial or aquatic,binary,combine,marine,1,0.0035211267605633804
freshwater,terrestrial or aquatic,binary,combine,freshwater,1,0.0035211267605633804
log_body_mass,body mass,continuous,combine,adult_mass_g,4,0.014084507042253521
