model,rule,mask,method,r,p,n_pairs,is_primary
BAAI/bge-large-en-v1.5,chunk,strict,spearman,0.03270586227481519,0.0285,40186,True
BAAI/bge-large-en-v1.5,chunk,strict,pearson,0.09801773351668491,0.0001,40186,False
BAAI/bge-large-en-v1.5,truncate,strict,spearman,0.06407676456275509,0.0001,40186,False
BAAI/bge-large-en-v1.5,truncate,strict,pearson,0.13101486179968863,0.0001,40186,False
sentence-transformers/all-mpnet-base-v2,chunk,strict,spearman,0.08299507215827409,0.0001,40186,False
sentence-transformers/all-mpnet-base-v2,chunk,strict,pearson,0.1424542893228486,0.0001,40186,False
sentence-transformers/all-mpnet-base-v2,truncate,strict,spearman,0.1091603601259076,0.0001,40186,False
sentence-transformers/all-mpnet-base-v2,truncate,strict,pearson,0.17629407371820027,0.0001,40186,False
BAAI/bge-large-en-v1.5,chunk,taxonomy,spearman,0.21483701994416132,0.0001,40186,False
BAAI/bge-large-en-v1.5,chunk,taxonomy,pearson,0.33788939811343016,0.0001,40186,False
BAAI/bge-large-en-v1.5,truncate,taxonomy,spearman,0.2576522369916161,0.0001,40186,False
BAAI/bge-large-en-v1.5,truncate,taxonomy,pearson,0.3978374740838577,0.0001,40186,False
sentence-transformers/all-mpnet-base-v2,chunk,taxonomy,spearman,0.3551597741397563,0.0001,40186,False
sentence-transformers/all-mpnet-base-v2,chunk,taxonomy,pearson,0.4816011022380873,0.0001,40186,False
sentence-transformers/all-mpnet-base-v2,truncate,taxonomy,spearman,0.3778398067317823,0.0001,40186,False
sentence-transformers/all-mpnet-base-v2,truncate,taxonomy,pearson,0.5147048377092934,0.0001,40186,False
BAAI/bge-large-en-v1.5,chunk,none,spearman,0.20434874705091982,0.0001,40186,False
BAAI/bge-large-en-v1.5,chunk,none,pearson,0.32691763913721117,0.0001,40186,False
BAAI/bge-large-en-v1.5,truncate,none,spearman,0.251901322791809,0.0001,40186,False
BAAI/bge-large-en-v1.5,truncate,none,pearson,0.39902936187002325,0.0001,40186,False
sentence-transformers/all-mpnet-base-v2,chunk,none,spearman,0.3580129386073917,0.0001,40186,False
sentence-transformers/all-mpnet-base-v2,chunk,none,pearson,0.4886095096712977,0.0001,40186,False
sentence-transformers/all-mpnet-base-v2,truncate,none,spearman,0.373484117512703,0.0001,40186,False
sentence-transformers/all-mpnet-base-v2,truncate,none,pearson,0.5133756722898309,0.0001,40186,False
