draw,tree_index,tree_file,method,r,p,n_pairs,max_distance_my,spearman_with_mcc
1,6850,MamPhy_BDvr_Completed_5911sp_topoCons_NDexp_v2_tree6850.tre,spearman,0.12891236551438268,0.0001,40186,81.763731749,0.8335900074154433
2,1497,MamPhy_BDvr_Completed_5911sp_topoCons_NDexp_v2_tree1497.tre,spearman,0.12033535661631328,0.0001,40186,77.51139796860001,0.8933624092463983
3,6964,MamPhy_BDvr_Completed_5911sp_topoCons_NDexp_v2_tree6964.tre,spearman,0.1375764527662881,0.0001,40186,76.319868256,0.8250582496389643
4,391,MamPhy_BDvr_Completed_5911sp_topoCons_NDexp_v2_tree0391.tre,spearman,0.14896737674487218,0.0001,40186,77.88602434410001,0.8521642686497419
5,8792,MamPhy_BDvr_Completed_5911sp_topoCons_NDexp_v2_tree8792.tre,spearman,0.033448427562609365,0.0217,40186,79.17020463909999,0.9311419600905074
6,7721,MamPhy_BDvr_Completed_5911sp_topoCons_NDexp_v2_tree7721.tre,spearman,0.05714581966905034,0.0001,40186,67.02670370701,0.9114646689982304
7,7801,MamPhy_BDvr_Completed_5911sp_topoCons_NDexp_v2_tree7801.tre,spearman,0.02263806573377001,0.0717,40186,66.5366577038,0.9352493546262431
8,9535,MamPhy_BDvr_Completed_5911sp_topoCons_NDexp_v2_tree9535.tre,spearman,0.06307069383475239,0.0001,40186,86.9301050094,0.9003802723123027
9,8778,MamPhy_BDvr_Completed_5911sp_topoCons_NDexp_v2_tree8778.tre,spearman,-0.00035813592285354823,0.5078,40186,84.37775584900001,0.9214146520219124
10,281,MamPhy_BDvr_Completed_5911sp_topoCons_NDexp_v2_tree0281.tre,spearman,0.10848603963629319,0.0001,40186,76.008758902,0.8739374872642163
11,6171,MamPhy_BDvr_Completed_5911sp_topoCons_NDexp_v2_tree6171.tre,spearman,0.12111126767648803,0.0001,40186,88.2743667389,0.8453995353837324
12,1022,MamPhy_BDvr_Completed_5911sp_topoCons_NDexp_v2_tree1022.tre,spearman,0.11996388960202586,0.0001,40186,77.86863138889998,0.8965474873768
13,223,MamPhy_BDvr_Completed_5911sp_topoCons_NDexp_v2_tree0223.tre,spearman,0.10087112852349443,0.0001,40186,75.0401913325,0.9094280107909245
14,3923,MamPhy_BDvr_Completed_5911sp_topoCons_NDexp_v2_tree3923.tre,spearman,0.048388991828392125,0.0003,40186,86.20183161,0.8624580180056729
15,4024,MamPhy_BDvr_Completed_5911sp_topoCons_NDexp_v2_tree4024.tre,spearman,0.07431271860994074,0.0001,40186,78.35314434329999,0.8910457047498047
16,8776,MamPhy_BDvr_Completed_5911sp_topoCons_NDexp_v2_tree8776.tre,spearman,0.06968001522899855,0.0001,40186,85.47387181709999,0.9105321132560148
17,7545,MamPhy_BDvr_Completed_5911sp_topoCons_NDexp_v2_tree7545.tre,spearman,0.08321206939168536,0.0001,40186,80.5728564467,0.8571059639757215
18,4487,MamPhy_BDvr_Completed_5911sp_topoCons_NDexp_v2_tree4487.tre,spearman,0.08681659647841307,0.0001,40186,73.42705676850001,0.8558340879519986
19,1942,MamPhy_BDvr_Completed_5911sp_topoCons_NDexp_v2_tree1942.tre,spearman,0.04854623763450304,0.0003,40186,87.25668598870001,0.8734422290769437
20,8296,MamPhy_BDvr_Completed_5911sp_topoCons_NDexp_v2_tree8296.tre,spearman,0.11120784275564735,0.0001,40186,82.2951023528,0.8445914486847328
21,5232,MamPhy_BDvr_Completed_5911sp_topoCons_NDexp_v2_tree5232.tre,spearman,0.04561258114466741,0.0028,40186,83.6812750508,0.9388750381453344
22,5496,MamPhy_BDvr_Completed_5911sp_topoCons_NDexp_v2_tree5496.tre,spearman,0.09727200056269775,0.0001,40186,93.45320790049999,0.8302595126422541
23,9561,MamPhy_BDvr_Completed_5911sp_topoCons_NDexp_v2_tree9561.tre,spearman,0.1288228799553686,0.0001,40186,90.55792657060002,0.8724502823979763
24,8748,MamPhy_BDvr_Completed_5911sp_topoCons_NDexp_v2_tree8748.tre,spearman,0.05804097116521635,0.0002,40186,81.7169705308,0.9255749789141995
25,119,MamPhy_BDvr_Completed_5911sp_topoCons_NDexp_v2_tree0119.tre,spearman,0.004450714165335582,0.3887,40186,89.72229623899999,0.9158423166502433
26,7295,MamPhy_BDvr_Completed_5911sp_topoCons_NDexp_v2_tree7295.tre,spearman,0.12117719527817415,0.0001,40186,70.2236648747,0.9080518076583531
27,6113,MamPhy_BDvr_Completed_5911sp_topoCons_NDexp_v2_tree6113.tre,spearman,0.04341603749988977,0.0009,40186,81.1990303856,0.8884493216649012
28,7093,MamPhy_BDvr_Completed_5911sp_topoCons_NDexp_v2_tree7093.tre,spearman,0.05094851718837873,0.0001,40186,86.2561218679,0.85603921631013
29,7539,MamPhy_BDvr_Completed_5911sp_topoCons_NDexp_v2_tree7539.tre,spearman,0.05857353538689608,0.0001,40186,78.3290656045,0.8842902849477527
30,8817,MamPhy_BDvr_Completed_5911sp_topoCons_NDexp_v2_tree8817.tre,spearman,0.10362081931518782,0.0001,40186,83.6276677983,0.8858612856058947
31,9422,MamPhy_BDvr_Completed_5911sp_topoCons_NDexp_v2_tree9422.tre,spearman,0.12558246103480797,0.0001,40186,80.60208275640001,0.9260349250269273
32,9702,MamPhy_BDvr_Completed_5911sp_topoCons_NDexp_v2_tree9702.tre,spearman,0.03999766957146052,0.0019,40186,80.35111716830001,0.887795783461241
33,4444,MamPhy_BDvr_Completed_5911sp_topoCons_NDexp_v2_tree4444.tre,spearman,0.09502445815602344,0.0001,40186,74.1321416038,0.8927546582627089
34,8325,MamPhy_BDvr_Completed_5911sp_topoCons_NDexp_v2_tree8325.tre,spearman,0.12808053269664132,0.0001,40186,72.061762605,0.8623541890261078
35,869,MamPhy_BDvr_Completed_5911sp_topoCons_NDexp_v2_tree0869.tre,spearman,0.07939707901888005,0.0001,40186,79.85878532989001,0.9078703665530501
36,952,MamPhy_BDvr_Completed_5911sp_topoCons_NDexp_v2_tree0952.tre,spearman,0.017373383408399664,0.0779,40186,83.94380823143999,0.852195292663845
37,4180,MamPhy_BDvr_Completed_5911sp_topoCons_NDexp_v2_tree4180.tre,spearman,0.17020919354535413,0.0001,40186,83.84178228940002,0.8806855743180083
38,3289,MamPhy_BDvr_Completed_5911sp_topoCons_NDexp_v2_tree3289.tre,spearman,0.0036293012710980547,0.4002,40186,86.1575345318,0.8829500688417111
39,1051,MamPhy_BDvr_Completed_5911sp_topoCons_NDexp_v2_tree1051.tre,spearman,0.11333549499806646,0.0001,40186,77.49355554799999,0.8444313420481283
40,7373,MamPhy_BDvr_Completed_5911sp_topoCons_NDexp_v2_tree7373.tre,spearman,0.025355366810754332,0.0354,40186,95.0967172426,0.8830477745443132
41,316,MamPhy_BDvr_Completed_5911sp_topoCons_NDexp_v2_tree0316.tre,spearman,0.09049488839526602,0.0001,40186,72.8369048085,0.9082521943429472
42,9937,MamPhy_BDvr_Completed_5911sp_topoCons_NDexp_v2_tree9937.tre,spearman,0.08484646967338083,0.0001,40186,93.5045609512,0.8804889429596477
43,9725,MamPhy_BDvr_Completed_5911sp_topoCons_NDexp_v2_tree9725.tre,spearman,0.061439749679468504,0.0001,40186,77.2492210127,0.8658979793413626
44,8816,MamPhy_BDvr_Completed_5911sp_topoCons_NDexp_v2_tree8816.tre,spearman,0.05654427147562197,0.0001,40186,83.8840706973,0.8833534665690852
45,9243,MamPhy_BDvr_Completed_5911sp_topoCons_NDexp_v2_tree9243.tre,spearman,0.08006462715071401,0.0001,40186,75.68854412249999,0.8409135238440049
46,8118,MamPhy_BDvr_Completed_5911sp_topoCons_NDexp_v2_tree8118.tre,spearman,0.1240451470133531,0.0001,40186,84.60533179229999,0.8483233743563413
47,8355,MamPhy_BDvr_Completed_5911sp_topoCons_NDexp_v2_tree8355.tre,spearman,0.0036811377757596363,0.4106,40186,67.580732498,0.9230179694171071
48,8796,MamPhy_BDvr_Completed_5911sp_topoCons_NDexp_v2_tree8796.tre,spearman,0.10005206544837253,0.0001,40186,77.0474810045,0.85203340555662
49,2309,MamPhy_BDvr_Completed_5911sp_topoCons_NDexp_v2_tree2309.tre,spearman,0.06861860890641658,0.0001,40186,75.09399927659999,0.8943964225363097
50,7520,MamPhy_BDvr_Completed_5911sp_topoCons_NDexp_v2_tree7520.tre,spearman,0.10895497740946727,0.0001,40186,74.7837364141,0.8151697754702357
51,9393,MamPhy_BDvr_Completed_5911sp_topoCons_NDexp_v2_tree9393.tre,spearman,0.10831325620144497,0.0001,40186,78.02689892011999,0.8703996073289701
52,2368,MamPhy_BDvr_Completed_5911sp_topoCons_NDexp_v2_tree2368.tre,spearman,0.0751559787644685,0.0001,40186,73.98798970119,0.9537172076224321
53,7630,MamPhy_BDvr_Completed_5911sp_topoCons_NDexp_v2_tree7630.tre,spearman,0.0688032328486094,0.0001,40186,75.5952302058,0.8719263338685483
54,6382,MamPhy_BDvr_Completed_5911sp_topoCons_NDexp_v2_tree6382.tre,spearman,0.12349896496949196,0.0001,40186,71.1248072699,0.9253321538265435
55,6084,MamPhy_BDvr_Completed_5911sp_topoCons_NDexp_v2_tree6084.tre,spearman,0.07081953225376132,0.0001,40186,84.8201062417,0.8550367968872141
56,6538,MamPhy_BDvr_Completed_5911sp_topoCons_NDexp_v2_tree6538.tre,spearman,0.05994706936043634,0.0001,40186,93.97982739390001,0.8513487904554233
57,2107,MamPhy_BDvr_Completed_5911sp_topoCons_NDexp_v2_tree2107.tre,spearman,0.1306893158135624,0.0001,40186,76.2003359758,0.8694905464306774
58,4201,MamPhy_BDvr_Completed_5911sp_topoCons_NDexp_v2_tree4201.tre,spearman,0.12186010809031189,0.0001,40186,77.44518947800002,0.8796142306302217
59,827,MamPhy_BDvr_Completed_5911sp_topoCons_NDexp_v2_tree0827.tre,spearman,0.1869098194859599,0.0001,40186,84.12530953999999,0.8658562989058693
60,5486,MamPhy_BDvr_Completed_5911sp_topoCons_NDexp_v2_tree5486.tre,spearman,0.030577943416985755,0.0164,40186,95.8746472643,0.8967656781113944
61,4579,MamPhy_BDvr_Completed_5911sp_topoCons_NDexp_v2_tree4579.tre,spearman,0.06823567799514238,0.0001,40186,82.86999215626,0.8402579650343043
62,6347,MamPhy_BDvr_Completed_5911sp_topoCons_NDexp_v2_tree6347.tre,spearman,0.029075796216996696,0.0276,40186,79.6969815418,0.8933298433981849
63,6869,MamPhy_BDvr_Completed_5911sp_topoCons_NDexp_v2_tree6869.tre,spearman,0.09836238036462466,0.0001,40186,82.4344089919,0.8860696726452811
64,7232,MamPhy_BDvr_Completed_5911sp_topoCons_NDexp_v2_tree7232.tre,spearman,0.07455770679530904,0.0001,40186,74.89089247,0.8667615979572301
65,3856,MamPhy_BDvr_Completed_5911sp_topoCons_NDexp_v2_tree3856.tre,spearman,0.018870606422714424,0.0783,40186,90.8298403333,0.8632702429375287
66,8679,MamPhy_BDvr_Completed_5911sp_topoCons_NDexp_v2_tree8679.tre,spearman,0.013572756037763065,0.1445,40186,78.2277516143,0.8629177375263011
67,485,MamPhy_BDvr_Completed_5911sp_topoCons_NDexp_v2_tree0485.tre,spearman,0.09156038429370697,0.0001,40186,79.46234554327,0.8573286095160748
68,6414,MamPhy_BDvr_Completed_5911sp_topoCons_NDexp_v2_tree6414.tre,spearman,0.05330494203926295,0.0001,40186,72.5870904984,0.8362395516457823
69,8867,MamPhy_BDvr_Completed_5911sp_topoCons_NDexp_v2_tree8867.tre,spearman,0.11915788902642216,0.0001,40186,71.3749878625,0.8751632831795357
70,9488,MamPhy_BDvr_Completed_5911sp_topoCons_NDexp_v2_tree9488.tre,spearman,0.07623698715589036,0.0001,40186,95.5978845061,0.8240802300892848
71,3959,MamPhy_BDvr_Completed_5911sp_topoCons_NDexp_v2_tree3959.tre,spearman,0.09891236398698414,0.0001,40186,93.7827982446,0.8787632704893392
72,1849,MamPhy_BDvr_Completed_5911sp_topoCons_NDexp_v2_tree1849.tre,spearman,0.06934082454951274,0.0001,40186,91.77541087130001,0.8506211115020019
73,7207,MamPhy_BDvr_Completed_5911sp_topoCons_NDexp_v2_tree7207.tre,spearman,0.08855747019761886,0.0001,40186,74.0943750367,0.8411613732481159
74,6484,MamPhy_BDvr_Completed_5911sp_topoCons_NDexp_v2_tree6484.tre,spearman,0.14373325836011336,0.0001,40186,84.112340374,0.8357726113108013
75,466,MamPhy_BDvr_Completed_5911sp_topoCons_NDexp_v2_tree0466.tre,spearman,0.11186472075235945,0.0001,40186,81.4449016962,0.8752474892844563
76,9188,MamPhy_BDvr_Completed_5911sp_topoCons_NDexp_v2_tree9188.tre,spearman,0.045197092967577145,0.0002,40186,78.16248899239999,0.8580397812310698
77,9175,MamPhy_BDvr_Completed_5911sp_topoCons_NDexp_v2_tree9175.tre,spearman,0.12074427716750165,0.0001,40186,74.2293268989,0.8828509356390144
78,4240,MamPhy_BDvr_Completed_5911sp_topoCons_NDexp_v2_tree4240.tre,spearman,0.09832323162121892,0.0001,40186,87.17762885419998,0.9079268315396649
79,2325,MamPhy_BDvr_Completed_5911sp_topoCons_NDexp_v2_tree2325.tre,spearman,0.09167041645379843,0.0001,40186,70.8113322701,0.8671574745864197
80,864,MamPhy_BDvr_Completed_5911sp_topoCons_NDexp_v2_tree0864.tre,spearman,0.008589520349518012,0.2844,40186,74.22576853599999,0.8958983855122981
81,2537,MamPhy_BDvr_Completed_5911sp_topoCons_NDexp_v2_tree2537.tre,spearman,0.07977226288041848,0.0001,40186,88.65178429679999,0.9020608551511415
82,793,MamPhy_BDvr_Completed_5911sp_topoCons_NDexp_v2_tree0793.tre,spearman,0.07752415030637697,0.0001,40186,91.13015872099999,0.8548569586802385
83,4489,MamPhy_BDvr_Completed_5911sp_topoCons_NDexp_v2_tree4489.tre,spearman,0.07609139290790312,0.0001,40186,73.6911814271,0.9254571257485863
84,5672,MamPhy_BDvr_Completed_5911sp_topoCons_NDexp_v2_tree5672.tre,spearman,0.1168562063871107,0.0001,40186,73.0342517129,0.8753803570610124
85,80,MamPhy_BDvr_Completed_5911sp_topoCons_NDexp_v2_tree0080.tre,spearman,0.045141649016124163,0.0019,40186,95.7401592826,0.9115732771743326
86,4852,MamPhy_BDvr_Completed_5911sp_topoCons_NDexp_v2_tree4852.tre,spearman,0.05732838904945854,0.0002,40186,77.5005759844,0.9396455439164728
87,5138,MamPhy_BDvr_Completed_5911sp_topoCons_NDexp_v2_tree5138.tre,spearman,0.0988187734671907,0.0001,40186,76.2357647099,0.861768560156386
88,3778,MamPhy_BDvr_Completed_5911sp_topoCons_NDexp_v2_tree3778.tre,spearman,0.06368603403461863,0.0002,40186,81.5010710504,0.8821411563536488
89,8160,MamPhy_BDvr_Completed_5911sp_topoCons_NDexp_v2_tree8160.tre,spearman,0.06401301176750693,0.0001,40186,84.1600653988,0.9347089692278691
90,3353,MamPhy_BDvr_Completed_5911sp_topoCons_NDexp_v2_tree3353.tre,spearman,-0.012986712642059254,0.812,40186,85.49875834279999,0.9048282444572667
91,9483,MamPhy_BDvr_Completed_5911sp_topoCons_NDexp_v2_tree9483.tre,spearman,0.05777648822818955,0.0001,40186,94.8953522548,0.8554153645154071
92,2138,MamPhy_BDvr_Completed_5911sp_topoCons_NDexp_v2_tree2138.tre,spearman,0.08863819100515574,0.0001,40186,76.63700570030001,0.8881504546078841
93,9490,MamPhy_BDvr_Completed_5911sp_topoCons_NDexp_v2_tree9490.tre,spearman,0.06339274440966894,0.0001,40186,92.8281288302,0.841725103643215
94,1508,MamPhy_BDvr_Completed_5911sp_topoCons_NDexp_v2_tree1508.tre,spearman,0.12277295726724152,0.0001,40186,81.44216796599999,0.8798377180707707
95,2524,MamPhy_BDvr_Completed_5911sp_topoCons_NDexp_v2_tree2524.tre,spearman,0.12478610587180905,0.0001,40186,88.14069766349999,0.8686771332743344
96,7926,MamPhy_BDvr_Completed_5911sp_topoCons_NDexp_v2_tree7926.tre,spearman,0.10863876899333465,0.0001,40186,73.63531653151,0.9163244308175158
97,9123,MamPhy_BDvr_Completed_5911sp_topoCons_NDexp_v2_tree9123.tre,spearman,0.16620340368329126,0.0001,40186,73.5101437282,0.8468853609507118
98,5979,MamPhy_BDvr_Completed_5911sp_topoCons_NDexp_v2_tree5979.tre,spearman,0.021349129146014445,0.1032,40186,81.8787231106,0.933620234042227
99,822,MamPhy_BDvr_Completed_5911sp_topoCons_NDexp_v2_tree0822.tre,spearman,0.12159174217106206,0.0001,40186,89.40243370700999,0.8259823291283048
100,4299,MamPhy_BDvr_Completed_5911sp_topoCons_NDexp_v2_tree4299.tre,spearman,0.155893708145282,0.0001,40186,87.71880859070001,0.897113831678275
